SRNumber,Name,IPAddress,Zone,GroupName,,,,,,
,Nestea Attack/DDOS,Google.com,WAN, All Network Attacks Group (1st batch),,,,,,
,Blocked IP 1,192.229.211.108/255.255.255.255,WAN, ,,,,,,
,Blocked IP 2,20.99.133.109/255.255.255.255,WAN, ,,,,,,
,Blocked IP 3,20.99.184.37/255.255.255.255,WAN, ,,,,,, 
,Blocked IP 4,89.248.165.195/255.255.255.255,WAN, ,,,,,,
,Blocked IP 6,45.134.144.212/255.255.255.255,WAN, ,,,,,,
,Blocked IP 5,205.210.31.80/255.255.255.255,WAN, ,,,,,,
,Blocked IP 7,89.248.163.19/255.255.255.255,WAN, ,,,,,,
,Blocked IP 8,89.248.163.131/255.255.255.255,WAN, ,,,,,,
,Blocked IP 9,89.248.163.95/255.255.255.255,WAN, ,,,,,,
,Blocked IP 10,89.248.163.16/255.255.255.255,WAN, ,,, ,,,
,SR-759342 | Blocked IP 1,94.102.61.44/255.255.255.255,WAN,,,,,,,
,SR-759342 | Blocked IP 2,92.63.197.98/255.255.255.255,WAN,,,,,,,
,Blocked IP SR-830244,45.88.66.0/255.255.255.0,WAN,,,,,,,
,Blocked IP SR-837440,45.93.20.88/255.255.255.255,WAN,,,,,,,
,Blocked IP 1 | SR-852295,205.210.31.237/255.255.255.255,WAN,,,,,,,
,Blocked IP 2 | SR-852295,162.142.125.83/255.255.255.255,WAN,,,,,,,
,Blocked IP 3 | SR-852295,185.94.111.1/255.255.255.255,WAN,,,,,,,
,Blocked IP 4 | SR-852295,198.235.24.9/255.255.255.255,WAN,,,,,,,
,Blocked IP 5 | SR-852295,212.70.149.138/255.255.255.255,WAN,,,,,,,
,Blocked IP 11,197.159.128.62/255.255.255.255,WAN,,,,,,,
,Blocked IP SR-1112405 1,136.158.8.74/255.255.255.255,WAN,,,,,,,
,Blocked IP SR-1112405 2,36.237.69.93/255.255.255.255,WAN,,,,,,,
,Blocked IP SR-1112405 3,51.223.78.70/255.255.255.255,WAN,,,,,,,
,Blocked IP SR-1112405 4,103.151.214.44/255.255.255.255,WAN,,,,,,,
,Blocked IP SR-1112405 5,116.131.154.154/255.255.255.255,WAN,,,,,,,
,,,, , ,,,,,
,,,, , ,,,,,
,,,, ,,,,,,
,,,, , ,,,,,
,,,, , ,,,,,
,,,, , ,,,,,
,,,, , ,,,,,
,,,, , ,,,,,
,,,, , ,,,,,
,,,, , ,,,,,
,,,, , ,,,,,
,,,, , ,,,,,
,,,, , ,,,,,
,,,, , ,,,,,
,,,, , ,,,,,
,,,, , ,,,,,
,,,, , ,,,,,
,,,, , ,,,,,
,,,, , ,,,,,
,,,, , ,,,,,
,,,, , ,,,,,
,,,, , ,,,,,
,,,, , ,,,,,
,,,, , ,,,,,
,,,, , ,,,,,
,,,, , ,,,,,
,,,, , ,,,,,
,,,, , ,,,,,
